"",,DAA,FLAT,JP,DBMS,MEFA,DV,JP LAB,DBMS LAB,ES,GS,
"",,"Design andAnalysis ofAlgorithms","Formal Languageand AutomataTheory","JavaProgramming","DatabaseManagementSystems","ManagerialEconomics andFinancialAnalysis","DataVisualization","JavaProgrammingLab","DatabaseManagementSystems Lab","EnvironmentalScience","GenderSensitization",
"",,Grade,Grade,Grade,Grade,Grade,Grade,Grade,Grade,Grade,Grade,
17N31A05K7,5.07,4.89,B+,F,B+,B+,B,F,A+,A,,A+
18N31A0563,6.21,4.74,B+,B,C,B,B,B+,B+,B,A+,
18N31A0568,0.00,2.03,Ab,Ab,Ab,Ab,Ab,Ab,Ab,Ab,Ab,
18N31A05J9,8.43,8.52,O,B+,B+,A+,A,A+,A,O,A+,
18N31A05M8,2.79,4.74,B,F,F,F,F,B,A,B+,O,
18N31A05N1,0.00,1.42,Ab,Ab,Ab,Ab,Ab,Ab,Ab,Ab,Ab,
19N31A0501,7.29,8.25,A+,B,B,B+,B,B+,O,O,O,
19N31A0502,9.00,9.13,O,B+,A+,A+,A+,A+,O,O,O,
19N31A0503,7.43,8.45,A,B,B,B+,A,A,A+,A+,O,
19N31A0504,0.00,1.62,Ab,Ab,Ab,Ab,Ab,Ab,Ab,Ab,O,
19N31A0505,7.79,8.25,O,B,B+,B+,A,B+,O,A+,A+,
19N31A0506,8.43,8.43,A+,B+,A+,A+,B,A+,O,O,A+,
19N31A0507,7.43,7.65,A+,B,B+,A,B,B+,A+,A+,A+,
19N31A0508,8.71,9.01,O,B,A,A+,A+,A+,O,O,O,
19N31A0509,7.14,7.40,A+,B,B,B,B,A,A+,A+,O,
"",,DAA,FLAT,JP,DBMS,MEFA,DV,JP LAB,DBMS LAB,ES,GS,
"",,"Design andAnalysis ofAlgorithms","Formal Languageand AutomataTheory","JavaProgramming","DatabaseManagementSystems","ManagerialEconomics andFinancialAnalysis","DataVisualization","JavaProgrammingLab","DatabaseManagementSystems Lab","EnvironmentalScience","GenderSensitization",
"",,Grade,Grade,Grade,Grade,Grade,Grade,Grade,Grade,Grade,Grade,
19N31A0510,7.86,8.18,O,B,B,A,B+,A,O,O,A+,
19N31A0511,8.29,8.90,O,B,B+,A,A,A+,O,O,O,
19N31A0512,8.00,8.13,A+,B,B+,A,A,A,O,O,O,
19N31A0513,7.43,7.87,A+,C,B,A,B+,B+,O,O,O,
19N31A0514,8.86,9.00,O,B+,A+,A,A+,A+,O,O,A+,
19N31A0515,8.57,8.89,O,B+,A,A,A,A+,O,O,A+,
19N31A0516,7.36,7.72,A,B+,B,A,B,B+,O,A+,A+,
19N31A0517,6.71,8.30,O,B,B+,F,A,B+,A+,A+,A+,
19N31A0518,6.86,7.99,A+,B,A,F,B+,A,O,O,O,
19N31A0519,8.43,8.84,O,B+,A,B+,A,A+,O,O,O,
19N31A0520,8.00,8.02,A+,B+,A,A,B+,B+,O,O,O,
19N31A0521,6.43,7.49,B+,B,B+,A,F,A,A+,A+,O,
19N31A0522,6.71,7.16,B+,B,B,B,B+,B,A+,A+,O,
19N31A0523,8.57,8.80,O,B+,A,A+,A,A,O,O,O,
19N31A0524,8.43,8.71,O,B,B+,A+,A,A+,O,O,O,
"",,DAA,FLAT,JP,DBMS,MEFA,DV,JP LAB,DBMS LAB,ES,GS,
"",,"Design andAnalysis ofAlgorithms","Formal Languageand AutomataTheory","JavaProgramming","DatabaseManagementSystems","ManagerialEconomics andFinancialAnalysis","DataVisualization","JavaProgrammingLab","DatabaseManagementSystems Lab","EnvironmentalScience","GenderSensitization",
"",,Grade,Grade,Grade,Grade,Grade,Grade,Grade,Grade,Grade,Grade,
19N31A0525,7.14,7.61,A,B,B+,B+,B,B,O,O,A+,
19N31A0526,6.07,7.07,B+,F,B,B+,B,B+,O,A+,A+,
19N31A0527,9.00,9.23,O,B+,A+,A+,A+,A+,O,O,A+,
19N31A0528,8.29,8.28,A+,B+,A,A+,B+,A,O,O,O,
19N31A0529,8.00,7.96,A+,B,A,A,A,A,A+,A+,O,
19N31A0530,8.00,8.40,A+,B,A,A,B+,A,O,O,O,
19N31A0531,7.86,7.90,A+,B,A,A,B,A,O,O,A+,
19N31A0532,8.36,8.91,O,B,A,A+,A,A,O,A+,A+,
19N31A0533,7.86,8.43,A+,B+,B+,B+,B+,A,O,O,O,
19N31A0534,8.50,8.66,O,B,A,A+,A,A+,O,A+,O,
19N31A0535,8.43,8.81,A+,B+,A,A,A,A+,O,O,O,
19N31A0536,8.57,8.56,O,B+,A+,A+,B+,A,O,O,O,
19N31A0537,8.29,8.68,O,B+,A,A,A,B+,O,O,O,
19N31A0538,8.43,8.80,O,A+,A,A,A,A,A,A,A+,
19N31A0539,7.43,7.58,A,A,B,B+,B+,B+,A+,A+,A+,
"",,DAA,FLAT,JP,DBMS,MEFA,DV,JP LAB,DBMS LAB,ES,GS,
"",,"Design andAnalysis ofAlgorithms","Formal Languageand AutomataTheory","JavaProgramming","DatabaseManagementSystems","ManagerialEconomics andFinancialAnalysis","DataVisualization","JavaProgrammingLab","DatabaseManagementSystems Lab","EnvironmentalScience","GenderSensitization",
"",,Grade,Grade,Grade,Grade,Grade,Grade,Grade,Grade,Grade,Grade,
19N31A0540,8.71,8.85,A+,B+,A+,A+,A+,A,O,O,O,
19N31A0541,8.86,8.25,A+,A+,A+,A+,A,A,O,O,O,
19N31A0542,8.71,9.18,A+,A+,A,A,A,A+,O,O,O,
19N31A0543,8.71,8.83,A+,B+,A+,A+,A+,A,O,O,O,
19N31A0544,8.86,8.81,O,A+,A+,A,A,A,O,O,O,
19N31A0545,8.29,8.70,O,B,A,A+,B+,A,O,O,O,
19N31A0546,9.00,8.84,O,B+,A+,A+,A+,A+,O,O,O,
19N31A0547,8.86,8.90,A+,A+,A,A,A+,A+,O,O,O,
19N31A0548,7.86,8.04,A,B+,A,B+,B+,A,O,O,O,
19N31A0549,8.71,8.97,O,A,A,A,A,A+,O,O,A+,
19N31A0550,8.14,8.72,A,A+,A,B+,A,B+,O,O,A+,
19N31A0551,8.71,8.79,O,A+,A,A,A,A,O,O,A+,
19N31A0553,8.00,8.04,A+,A,B+,A,A,B+,A+,A+,O,
19N31A0554,8.14,8.29,A,A+,A,B+,A,A,A+,A+,A+,
19N31A0555,8.00,7.71,A,A+,B+,B+,A,A,A+,A+,O,
"",,DAA,FLAT,JP,DBMS,MEFA,DV,JP LAB,DBMS LAB,ES,GS,
"",,"Design andAnalysis ofAlgorithms","Formal Languageand AutomataTheory","JavaProgramming","DatabaseManagementSystems","ManagerialEconomics andFinancialAnalysis","DataVisualization","JavaProgrammingLab","DatabaseManagementSystems Lab","EnvironmentalScience","GenderSensitization",
"",,Grade,Grade,Grade,Grade,Grade,Grade,Grade,Grade,Grade,Grade,
19N31A0556,8.21,8.16,A+,A,B+,A,A,A,A+,O,O,
19N31A0557,8.86,9.21,O,B+,A+,A+,A,A+,O,O,O,
19N31A0558,7.57,8.07,A,B+,B+,B+,B+,B+,O,O,A+,
19N31A0559,7.71,7.80,B+,B,B+,A,B+,A+,O,O,A+,
19N31A0560,8.57,8.84,O,B,A+,A,A,A+,O,O,O,
19N31A0561,8.29,7.95,A,A,B+,A,A,A+,O,O,A+,
19N31A0562,8.14,8.73,A+,A+,A,A,B+,B,O,O,O,
19N31A0563,8.57,8.62,A+,A+,A,A,A,A,O,O,O,
19N31A0564,7.86,6.98,B,A,A,A,B+,A,O,O,O,
19N31A0565,8.43,8.09,A+,A+,B+,A,A,A,O,O,O,
19N31A0566,6.43,7.59,C,B+,B+,F,A,A,O,O,A+,
19N31A0567,7.79,7.68,A+,A+,B+,A,C,B+,O,A+,A+,
19N31A0568,8.86,8.02,A+,A+,A+,A+,A,A,O,O,O,
19N31A0569,8.71,8.91,A+,A+,A,A,A,A+,O,O,O,
19N31A0570,8.14,8.26,A+,A+,B,A,B+,A,O,O,O,
"",,DAA,FLAT,JP,DBMS,MEFA,DV,JP LAB,DBMS LAB,ES,GS,
"",,"Design andAnalysis ofAlgorithms","Formal Languageand AutomataTheory","JavaProgramming","DatabaseManagementSystems","ManagerialEconomics andFinancialAnalysis","DataVisualization","JavaProgrammingLab","DatabaseManagementSystems Lab","EnvironmentalScience","GenderSensitization",
"",,Grade,Grade,Grade,Grade,Grade,Grade,Grade,Grade,Grade,Grade,
19N31A0571,8.86,9.15,O,A+,B+,A+,A,A+,O,O,O,
19N31A0572,8.57,8.64,A,A+,A,A+,A,A,O,O,O,
19N31A0573,9.00,8.89,O,A+,A,A+,A+,A,O,O,O,
19N31A0574,9.00,9.07,A+,O,A,A+,A,A+,O,O,O,
19N31A0575,6.50,6.72,A,B+,F,B+,A,B,O,A+,O,
19N31A0576,7.86,8.34,A+,A,B+,A,A,B,A+,A+,O,
19N31A0577,7.71,8.17,A,A+,B+,B+,B+,B+,A+,A+,A+,
19N31A0578,7.71,8.01,A,A,B+,B+,A,B,O,O,A+,
19N31A0579,7.86,8.06,A+,B+,B+,A,B,A,O,O,A+,
19N31A0580,8.14,8.13,A,B,A,A+,A,A,O,O,O,
19N31A0581,9.00,9.24,O,A+,A+,A,A,A+,O,O,O,
19N31A0582,5.14,6.93,B+,B+,B,B,F,F,O,O,A+,
19N31A0583,9.00,9.24,A+,A+,A+,A+,A+,A,O,O,O,
19N31A0584,8.29,8.21,O,A+,B+,A,A,B+,A+,A+,O,
19N31A0585,6.29,6.68,A,B,A,A,F,B,A,A,O,
"",,DAA,FLAT,JP,DBMS,MEFA,DV,JP LAB,DBMS LAB,ES,GS,
"",,"Design andAnalysis ofAlgorithms","Formal Languageand AutomataTheory","JavaProgramming","DatabaseManagementSystems","ManagerialEconomics andFinancialAnalysis","DataVisualization","JavaProgrammingLab","DatabaseManagementSystems Lab","EnvironmentalScience","GenderSensitization",
"",,Grade,Grade,Grade,Grade,Grade,Grade,Grade,Grade,Grade,Grade,
19N31A0586,8.00,8.34,A,A,B+,A,A,B+,O,O,A+,
19N31A0587,8.57,8.45,A+,B+,A,A+,A+,A,O,O,A+,
19N31A0588,9.00,8.83,O,A,A,A+,A+,A+,O,O,A+,
19N31A0589,6.29,4.85,B+,F,B+,B+,C,A,O,O,A+,
19N31A0590,7.71,7.70,B+,B+,B+,A,A,A,A+,A+,O,
19N31A0591,9.00,8.77,A+,B+,A+,A+,O,O,A+,A+,O,
19N31A0592,9.14,9.19,O,A,A+,A+,A+,A+,O,O,O,
19N31A0593,8.21,8.24,A,B+,A,A+,A,A,O,A+,O,
19N31A0594,0.00,3.79,Ab,Ab,Ab,Ab,Ab,Ab,Ab,Ab,O,
19N31A0595,7.71,8.21,A,B+,A,A,B+,B+,A+,A+,O,
19N31A0596,4.71,4.69,B,F,C,B,B,F,O,O,O,
19N31A0597,8.00,7.43,A,B+,A,A,B+,A,O,O,A+,
19N31A0598,8.29,8.71,A+,B+,A,A,A,A,O,O,A+,
19N31A0599,7.86,7.75,A,B,B+,A,A,A,O,O,A+,
19N31A05A0,8.57,8.21,O,B+,A,A,A,A+,O,O,O,
"",,DAA,FLAT,JP,DBMS,MEFA,DV,JP LAB,DBMS LAB,ES,GS,
"",,"Design andAnalysis ofAlgorithms","Formal Languageand AutomataTheory","JavaProgramming","DatabaseManagementSystems","ManagerialEconomics andFinancialAnalysis","DataVisualization","JavaProgrammingLab","DatabaseManagementSystems Lab","EnvironmentalScience","GenderSensitization",
"",,Grade,Grade,Grade,Grade,Grade,Grade,Grade,Grade,Grade,Grade,
19N31A05A1,8.71,8.98,A+,B+,A+,A,A+,A+,O,O,O,
19N31A05A2,8.29,8.20,A,B,A,A+,A+,A,O,O,O,
19N31A05A3,7.86,8.44,A+,B,B+,A,B+,A,O,O,O,
19N31A05A4,8.57,8.59,A+,A+,A,A,A,A,O,O,O,
19N31A05A5,6.00,6.55,B+,B+,B,B+,F,B+,A,A,O,
19N31A05A6,7.29,7.54,B,B,B+,B+,B+,A,O,O,A+,
19N31A05A7,1.43,3.67,F,F,F,F,F,F,O,O,O,
19N31A05A8,8.29,8.56,A+,B+,B+,A,A+,A,O,O,A+,
19N31A05A9,8.43,8.84,A+,B+,A,A,A,A+,O,O,A+,
19N31A05B0,7.86,8.15,A+,B,B+,A,A,B+,O,O,O,
19N31A05B1,7.71,8.48,A,B,B+,A,A,B+,O,O,A+,
19N31A05B2,7.79,8.30,O,B,A,B+,B+,B+,A+,O,A+,
19N31A05B3,9.29,9.46,O,A,A+,A+,A+,O,O,O,O,
19N31A05B4,7.14,6.77,B+,B,B,B+,A,B,O,O,O,
19N31A05B5,9.00,9.15,O,B+,A+,A+,A+,A+,O,O,O,
"",,DAA,FLAT,JP,DBMS,MEFA,DV,JP LAB,DBMS LAB,ES,GS,
"",,"Design andAnalysis ofAlgorithms","Formal Languageand AutomataTheory","JavaProgramming","DatabaseManagementSystems","ManagerialEconomics andFinancialAnalysis","DataVisualization","JavaProgrammingLab","DatabaseManagementSystems Lab","EnvironmentalScience","GenderSensitization",
"",,Grade,Grade,Grade,Grade,Grade,Grade,Grade,Grade,Grade,Grade,
19N31A05B6,7.79,7.83,B+,B+,B+,A+,B+,A,O,A+,O,
19N31A05B7,8.00,8.27,A,B,A,A+,B+,A,O,O,O,
19N31A05B8,8.57,8.65,A+,B+,A,A+,A+,A,O,O,A+,
19N31A05B9,6.71,6.69,B,F,B+,A,B+,A+,O,O,A+,
19N31A05C0,7.14,6.93,B,B,B,A,B,A,O,O,O,
19N31A05C1,5.57,7.09,B,C,B,B,F,B,O,O,O,
19N31A05C2,8.57,8.82,A+,B,A,A+,A+,A+,O,O,O,
19N31A05C3,7.57,8.33,O,B+,A,A+,A+,F,O,O,O,
19N31A05C4,6.14,6.52,B+,F,B,B+,B,B+,O,O,O,
19N31A05C5,8.29,8.27,A,B+,A,A+,A,A,O,O,O,
19N31A05C6,8.57,8.80,A+,B+,A+,A+,A,A,O,O,O,
19N31A05C7,1.14,2.91,F,F,Ab,F,Ab,F,A,A,A,
19N31A05C8,5.00,6.71,B,F,B,F,B+,B,O,O,O,
19N31A05C9,8.71,8.94,A+,A+,A,A+,A,A,O,O,O,
19N31A05D0,8.29,8.33,A,B+,A,A+,A,A,O,O,O,
"",,DAA,FLAT,JP,DBMS,MEFA,DV,JP LAB,DBMS LAB,ES,GS,
"",,"Design andAnalysis ofAlgorithms","Formal Languageand AutomataTheory","JavaProgramming","DatabaseManagementSystems","ManagerialEconomics andFinancialAnalysis","DataVisualization","JavaProgrammingLab","DatabaseManagementSystems Lab","EnvironmentalScience","GenderSensitization",
"",,Grade,Grade,Grade,Grade,Grade,Grade,Grade,Grade,Grade,Grade,
19N31A05D1,8.14,8.27,O,B,B+,A,B+,A+,O,O,O,
19N31A05D2,6.14,6.46,B+,F,B,B+,B+,B+,A+,A+,A+,
19N31A05D3,8.57,8.85,O,B+,A,A+,A,A,O,O,O,
19N31A05D4,9.00,9.09,O,B+,A+,A+,A+,A+,O,O,O,
19N31A05D5,6.14,7.55,B,B,B+,B+,F,B+,O,O,O,
19N31A05D6,6.57,6.77,B,F,B,A,A,A,O,O,O,
19N31A05D7,7.29,6.99,B+,B,B,B,A,A,O,O,O,
19N31A05D8,7.43,6.85,A+,B,B,A,B+,B+,A+,A+,A+,
19N31A05D9,7.57,7.30,A,B,B,A,B+,A,O,O,O,
19N31A05E0,8.43,8.38,A,A+,B+,A,A,A+,O,O,O,
19N31A05E1,8.29,8.94,A+,B+,A,A+,A,B+,O,O,O,
19N31A05E2,8.29,8.60,A+,B+,A,A,A,A,O,O,O,
19N31A05E3,1.93,5.12,C,F,F,F,F,F,A,A+,O,
19N31A05E4,9.00,9.43,O,B+,A+,A+,A+,A+,O,O,O,
19N31A05E5,7.00,6.68,B+,B,B,A,B,B+,A+,A+,O,
"",,DAA,FLAT,JP,DBMS,MEFA,DV,JP LAB,DBMS LAB,ES,GS,
"",,"Design andAnalysis ofAlgorithms","Formal Languageand AutomataTheory","JavaProgramming","DatabaseManagementSystems","ManagerialEconomics andFinancialAnalysis","DataVisualization","JavaProgrammingLab","DatabaseManagementSystems Lab","EnvironmentalScience","GenderSensitization",
"",,Grade,Grade,Grade,Grade,Grade,Grade,Grade,Grade,Grade,Grade,
19N31A05E6,6.43,6.93,B+,B,B+,A,F,A,A+,A+,O,
19N31A05E7,8.71,8.49,O,B+,A,A+,A+,A,O,O,O,
19N31A05E8,7.43,7.57,B+,B,B+,B+,B+,A,O,O,O,
19N31A05E9,9.00,9.23,A+,A+,A,A+,O,A,O,O,O,
19N31A05F0,8.43,8.98,A,B+,A+,A,A,A+,O,O,O,
19N31A05F1,7.43,7.36,B+,B,B,B,A,A+,O,O,O,
19N31A05F2,8.00,7.79,A,B+,B+,A+,A,B+,O,O,O,
19N31A05F3,8.86,8.95,A+,A+,A,A+,A,A+,O,O,O,
19N31A05F4,8.57,8.59,O,A+,A,A,A,B+,O,O,O,
19N31A05F5,8.29,8.49,A+,B+,A,A,A,A,O,O,O,
19N31A05F6,7.29,7.07,B+,B,B+,B+,B+,B+,O,O,O,
19N31A05F7,8.71,9.07,A+,B+,A+,A+,A,A+,O,O,O,
19N31A05F8,8.29,9.00,A+,B,A+,A,A,A,O,O,O,
19N31A05F9,7.43,8.10,B+,B,B+,B+,A,B+,O,O,O,
19N31A05G0,7.43,7.48,B+,B,B,A,A,B+,O,O,O,
"",,DAA,FLAT,JP,DBMS,MEFA,DV,JP LAB,DBMS LAB,ES,GS,
"",,"Design andAnalysis ofAlgorithms","Formal Languageand AutomataTheory","JavaProgramming","DatabaseManagementSystems","ManagerialEconomics andFinancialAnalysis","DataVisualization","JavaProgrammingLab","DatabaseManagementSystems Lab","EnvironmentalScience","GenderSensitization",
"",,Grade,Grade,Grade,Grade,Grade,Grade,Grade,Grade,Grade,Grade,
19N31A05G1,8.43,9.09,A+,B+,A,A+,A,A,O,O,O,
19N31A05G2,8.00,8.22,A,B,A,A+,B+,A,O,O,O,
19N31A05G3,7.43,7.03,A,B,B,A,B+,B+,O,O,O,
19N31A05G4,9.00,9.32,O,A,A,A+,A,O,O,O,O,
19N31A05G5,6.57,7.13,A,F,B+,A,B+,B+,A+,A+,O,
19N31A05G6,8.43,8.71,A+,B,A,A+,A,A+,O,O,O,
19N31A05G7,6.57,8.07,A,F,B,A,B+,B+,O,O,O,
19N31A05G8,8.71,9.09,O,B+,A,A+,A,A+,O,O,O,
19N31A05G9,8.43,8.87,O,B+,A,A,A,A,O,O,O,
19N31A05H0,8.00,8.24,A,B+,A,A+,B+,B+,O,O,O,
19N31A05H1,8.00,7.77,A+,B+,B+,A,A,B+,O,O,O,
19N31A05H2,8.71,8.41,A+,B+,A,A+,A+,A+,O,O,O,
19N31A05H3,8.57,8.85,O,B+,A,A+,B+,A+,O,O,O,
19N31A05H4,8.00,8.35,A+,B,B+,A,A,A,O,O,O,
19N31A05H5,8.57,8.93,O,B+,A,A+,A,A,O,O,O,
"",,DAA,FLAT,JP,DBMS,MEFA,DV,JP LAB,DBMS LAB,ES,GS,
"",,"Design andAnalysis ofAlgorithms","Formal Languageand AutomataTheory","JavaProgramming","DatabaseManagementSystems","ManagerialEconomics andFinancialAnalysis","DataVisualization","JavaProgrammingLab","DatabaseManagementSystems Lab","EnvironmentalScience","GenderSensitization",
"",,Grade,Grade,Grade,Grade,Grade,Grade,Grade,Grade,Grade,Grade,
19N31A05H6,8.14,8.35,A+,B+,A,A,A,B+,O,O,O,
19N31A05H7,6.86,7.42,A+,B,A,F,A,B+,O,O,O,
19N31A05H8,8.71,8.29,O,B+,A+,A+,A,A,O,O,O,
19N31A05H9,7.57,8.28,A,B,A,A,B,B+,O,O,O,
19N31A05J0,4.29,5.46,B,F,F,F,A,B+,A+,A+,A+,
19N31A05J1,8.86,8.70,O,B+,A+,A+,A+,A,O,O,O,
19N31A05J2,8.57,8.71,A+,B+,A,A+,A,A+,O,O,O,
19N31A05J3,4.50,5.45,B,F,B,B+,F,B,B+,B,O,
19N31A05J4,8.29,8.82,A,B+,A,A,A,A+,O,O,O,
19N31A05J5,6.29,7.49,A,F,B,A,B,B+,A+,A+,O,
19N31A05J6,8.71,8.74,O,B,A+,A+,A+,A,O,O,A+,
19N31A05J7,8.14,8.05,A+,B+,A+,A,B+,B+,O,O,A+,
19N31A05J8,5.21,6.74,B+,F,B,B+,F,B+,O,A+,A+,
19N31A05J9,5.07,6.31,B+,F,C,A,B,F,O,A+,O,
19N31A05K0,7.21,8.16,O,F,B+,A,A,A,O,A+,O,
"",,DAA,FLAT,JP,DBMS,MEFA,DV,JP LAB,DBMS LAB,ES,GS,
"",,"Design andAnalysis ofAlgorithms","Formal Languageand AutomataTheory","JavaProgramming","DatabaseManagementSystems","ManagerialEconomics andFinancialAnalysis","DataVisualization","JavaProgrammingLab","DatabaseManagementSystems Lab","EnvironmentalScience","GenderSensitization",
"",,Grade,Grade,Grade,Grade,Grade,Grade,Grade,Grade,Grade,Grade,
19N31A05K1,3.79,4.51,B,F,F,F,B,B+,A+,B,A+,
19N31A05K2,6.71,7.60,A,F,B,A,A+,B+,A+,A+,O,
19N31A05K3,8.21,7.85,A,B,A,A+,A,A+,O,A+,O,
19N31A05K4,7.43,8.55,A+,B+,A,A+,A+,F,O,O,O,
19N31A05K5,8.57,8.89,O,B+,B+,A+,A+,A,O,O,O,
19N31A05K6,8.14,8.46,A+,B+,B+,A,A,A,O,O,O,
19N31A05K7,7.71,8.34,A+,B,A,A+,A+,A,F,O,A+,
19N31A05K8,8.64,8.38,O,B+,A,A+,A,A+,O,A+,A+,
19N31A05K9,8.00,8.26,A,B,A,A,A,A,O,O,O,
19N31A05L0,7.57,6.95,A,B,B+,B+,A,A,A+,A+,O,
19N31A05L1,4.79,6.10,B+,B,B,F,F,B,A+,A,O,
19N31A05L2,7.71,8.43,B+,B+,A,A,B+,A,O,A,O,
19N31A05L3,7.07,7.27,B+,B,B,A,B,B+,O,A+,O,
19N31A05L4,6.07,6.68,B+,F,B,B+,B,B+,O,A+,O,
19N31A05L5,8.36,8.69,O,B+,A,A+,B+,A,O,A+,O,
"",,DAA,FLAT,JP,DBMS,MEFA,DV,JP LAB,DBMS LAB,ES,GS,
"",,"Design andAnalysis ofAlgorithms","Formal Languageand AutomataTheory","JavaProgramming","DatabaseManagementSystems","ManagerialEconomics andFinancialAnalysis","DataVisualization","JavaProgrammingLab","DatabaseManagementSystems Lab","EnvironmentalScience","GenderSensitization",
"",,Grade,Grade,Grade,Grade,Grade,Grade,Grade,Grade,Grade,Grade,
19N31A05L6,6.71,6.62,A,B+,B,A,B,A,F,A,A+,
19N31A05L7,6.64,7.21,A+,B,B+,A,F,B+,O,A+,A+,
19N31A05L8,6.00,6.84,B+,B,F,B+,B+,A,A,B,A+,
19N31A05L9,8.86,9.09,O,B+,A,A+,O,A,O,O,O,
19N31A05M0,9.00,9.29,O,A,A+,A+,B+,O,O,O,O,
19N31A05M1,5.43,7.10,B+,B,F,A,F,B+,O,O,O,
19N31A05M2,8.86,9.05,O,B+,A,A+,A+,A+,O,O,O,
19N31A05M3,7.93,8.25,A,B,B+,A+,A,A,O,A+,O,
19N31A05M4,8.57,8.82,O,B+,A,A+,B+,A+,O,O,O,
19N31A05M5,8.57,8.37,A+,B+,A,A+,A,A+,O,O,A+,
19N31A05M6,5.07,5.58,B,B,F,A,F,B+,O,B+,A+,
19N31A05M7,4.00,6.13,B,B,F,F,F,B+,O,A,A+,
19N31A05M8,8.36,8.48,A+,B+,A,A+,A,A,O,A+,O,
19N31A05M9,8.36,8.21,A+,B+,A,A,A,A+,O,A+,O,
19N31A05N0,8.57,8.91,O,A,A,A+,B+,A,O,O,O,
"",,DAA,FLAT,JP,DBMS,MEFA,DV,JP LAB,DBMS LAB,ES,GS,
"",,"Design andAnalysis ofAlgorithms","Formal Languageand AutomataTheory","JavaProgramming","DatabaseManagementSystems","ManagerialEconomics andFinancialAnalysis","DataVisualization","JavaProgrammingLab","DatabaseManagementSystems Lab","EnvironmentalScience","GenderSensitization",
"",,Grade,Grade,Grade,Grade,Grade,Grade,Grade,Grade,Grade,Grade,
19N31A05N1,6.64,7.29,A+,F,B,A,B+,B+,O,A+,O,
19N31A05N2,8.64,8.86,O,B+,A,A+,A+,A,O,A+,O,
19N31A05N3,2.07,4.46,F,F,F,F,F,B,A+,A,O,
19N31A05N4,7.57,7.46,A+,A,B+,B+,B,B+,A+,A+,O,
19N31A05N5,8.21,8.40,O,A+,B+,B+,A,B+,A+,O,A+,
19N31A05N6,8.71,8.96,O,A+,A,A,A+,B+,O,O,A+,
19N31A05N7,8.43,8.68,O,B+,A+,B+,A,A,O,O,O,
19N31A05N8,6.86,6.39,B+,C,B+,B,B+,A,A,A,O,
19N31A05N9,8.36,8.62,A+,B+,A,A+,A,A,O,A+,O,
19N31A05P0,8.64,8.55,O,A+,A,A+,B+,A,O,A+,O,
19N31A05P1,8.64,8.25,O,A+,A,A,A,A,O,A+,O,
19N31A05P2,7.21,7.32,B+,B+,B+,B,B,A,O,A+,A+,
19N31A05P3,5.07,5.21,B,F,F,B+,B,A,A+,A,A+,
19N31A05P4,8.14,8.44,A+,A+,A,B+,B+,A,A+,A+,O,
19N31A05P5,8.14,7.76,A+,B+,B+,A,B+,A+,O,O,A+,
"",,DAA,FLAT,JP,DBMS,MEFA,DV,JP LAB,DBMS LAB,ES,GS,
"",,"Design andAnalysis ofAlgorithms","Formal Languageand AutomataTheory","JavaProgramming","DatabaseManagementSystems","ManagerialEconomics andFinancialAnalysis","DataVisualization","JavaProgrammingLab","DatabaseManagementSystems Lab","EnvironmentalScience","GenderSensitization",
"",,Grade,Grade,Grade,Grade,Grade,Grade,Grade,Grade,Grade,Grade,
19N31A05P6,8.71,8.81,O,A+,B+,A,A,A+,O,O,O,
19N31A05P7,7.50,6.00,A+,A,B+,B+,B,B,O,A+,O,
19N31A05P8,8.86,8.80,A+,A+,A,A+,A,A+,O,O,O,
19N31A05P9,8.86,8.57,O,A+,A,A,A+,A,O,O,O,
19N31A05Q0,6.93,6.74,A,B,B,B,B+,B,O,A+,A+,
19N31A05Q1,6.07,6.73,A,B+,C,B+,F,B,O,A+,A+,
19N31A05Q2,8.14,7.39,A,A+,B+,A,A,A,A+,A+,O,
20N35A0501,4.14,4.68,B,F,F,B,F,B+,O,O,O,
20N35A0502,6.86,6.75,A+,F,A,A+,B,B+,A+,A+,O,
20N35A0503,7.14,7.25,A+,B,B+,B+,B,B+,A,A,O,
20N35A0504,7.86,7.32,A+,B,B+,A,B,A+,O,O,A+,
20N35A0505,5.00,5.21,B+,F,B,B+,F,B,A+,A+,O,
20N35A0506,7.57,7.54,B+,B+,B+,A,A,B+,A+,A+,O,
20N35A0507,8.29,8.00,A+,A+,A,B+,A,B+,O,O,A+,
20N35A0508,7.14,7.04,A,C,B+,B+,B+,B+,A+,A+,O,
"",,DAA,FLAT,JP,DBMS,MEFA,DV,JP LAB,DBMS LAB,ES,GS,
"",,"Design andAnalysis ofAlgorithms","Formal Languageand AutomataTheory","JavaProgramming","DatabaseManagementSystems","ManagerialEconomics andFinancialAnalysis","DataVisualization","JavaProgrammingLab","DatabaseManagementSystems Lab","EnvironmentalScience","GenderSensitization",
"",,Grade,Grade,Grade,Grade,Grade,Grade,Grade,Grade,Grade,Grade,
20N35A0509,7.93,7.82,A,A+,A,B+,B+,B+,O,A+,O,
20N35A0510,8.29,8.21,A+,B+,A,A+,A,B+,O,O,O,
20N35A0511,8.00,7.89,A,B,A,B+,A+,A,O,O,O,
20N35A0512,8.00,7.57,A,B+,A,A+,B,A,O,O,O,
20N35A0513,7.64,7.32,A+,B,B+,A,B+,B+,O,A+,O,
20N35A0514,8.86,8.21,O,B,A+,A+,A+,A+,O,O,A+,
20N35A0515,8.43,8.29,A+,B,A,A+,A,A+,O,O,A+,
20N35A0516,5.00,4.61,A,F,B,F,B,B,A+,A+,O,
20N35A0517,3.57,3.64,F,F,F,A,F,B+,O,O,A+,
20N35A0518,8.14,7.50,A+,B,A,A,A,A,O,O,O,
20N35A0519,8.29,7.93,A,B,A+,A+,A,A,O,O,O,
20N35A0520,4.57,4.86,F,F,F,A,B,A,O,O,O,
20N35A0521,7.86,7.14,A+,B+,B,B+,A,A,O,O,A+,
20N35A0522,7.71,7.14,A,A,B+,B+,B,A,O,O,O,
20N35A0523,8.43,8.07,O,B+,A,A,A,A,O,O,O,
"",,,DAA,FLAT,JP,DBMS,MEFA,DV,JP LAB,DBMS LAB,ES,GS
"",,,"Design andAnalysis ofAlgorithms","Formal Languageand AutomataTheory","JavaProgramming","DatabaseManagementSystems","ManagerialEconomics andFinancialAnalysis","DataVisualization","JavaProgrammingLab","DatabaseManagementSystems Lab","EnvironmentalScience","GenderSensitization"
"",,,Grade,Grade,Grade,Grade,Grade,Grade,Grade,Grade,Grade,Grade
20N35A0524,8.43,7.79,A+,A+,A,A,B,A+,O,O,O,
