"",,SE,CD,ES,PP,AI,ERP,CD LAB,PP LAB,TW,
"",,"SoftwareEngineering",Compiler Design,"EmbeddedSystems","PythonProgramming","ArtificialIntelligence","EnterpriseResourcePlanning","Compiler DesignLab","PythonProgrammingLab","TechnicalWriting",
"",,Grade,Grade,Grade,Grade,Grade,Grade,Grade,Grade,Grade,
16N31A05Q3,,,F,C,B+,B,F,F,A,O,A+
17N31A05K7,,,B,F,F,B,F,F,A,O,B
17N31A05Q1,,,F,F,A,B+,F,B,B+,A+,A
18N31A0563,,,B,F,B+,B+,B,B+,B+,A+,B+
18N31A0568,,,Ab,Ab,Ab,Ab,Ab,Ab,Ab,Ab,
18N31A05J9,8.43,8.50,A+,B+,A+,A,A,A,O,O,O
18N31A05M8,,,F,F,F,F,F,B,B+,A+,B+
18N31A05N1,,,Ab,Ab,Ab,Ab,Ab,Ab,Ab,Ab,
19N31A0501,,,F,B+,A,B+,B+,A,O,O,A
19N31A0502,8.71,9.05,A,A,O,B+,A,O,O,O,A
19N31A0503,,,F,A,O,B+,A,A+,O,O,O
19N31A0504,,,Ab,Ab,Ab,Ab,Ab,Ab,Ab,Ab,
19N31A0505,8.00,8.20,B,B+,A+,B+,A,A+,O,O,O
19N31A0506,8.57,8.46,A,B+,O,A,A,A+,O,O,A+
19N31A0507,8.14,7.75,A,B+,A+,B+,A,A,O,O,A
"",,SE,CD,ES,PP,AI,ERP,CD LAB,PP LAB,TW,
"",,"SoftwareEngineering",Compiler Design,"EmbeddedSystems","PythonProgramming","ArtificialIntelligence","EnterpriseResourcePlanning","Compiler DesignLab","PythonProgrammingLab","TechnicalWriting",
"",,Grade,Grade,Grade,Grade,Grade,Grade,Grade,Grade,Grade,
19N31A0508,8.57,8.92,A,A,O,B+,A,A+,O,O,A+
19N31A0509,7.21,7.36,B+,B,B+,A,B+,B,O,A+,A+
19N31A0510,8.00,8.15,B+,B+,A+,B+,A,A+,A+,A+,A+
19N31A0511,7.79,8.67,B+,B+,A+,B+,B+,A,O,A+,A+
19N31A0512,7.50,8.00,B+,B,A+,B,B+,A,O,A+,A+
19N31A0513,8.07,7.91,B+,B+,A+,A,A,A,A+,O,A+
19N31A0514,8.29,8.85,B+,A,O,B+,B+,A+,O,O,A
19N31A0515,8.29,8.77,B+,A,O,B+,B+,A+,O,O,A
19N31A0516,7.43,7.66,A,C,A+,B,B+,A,A+,A+,A+
19N31A0517,7.71,8.35,B,B+,A+,B+,B+,A,O,O,A+
19N31A0518,,,F,B,A+,B,B+,A,O,A+,A+
19N31A0519,,,A,F,A+,B+,A,A+,O,O,O
19N31A0520,7.64,7.95,B,B+,A,B+,A,A,O,A+,A+
19N31A0521,7.36,7.64,B,B+,A,B,B+,A,O,A+,A+
19N31A0522,,,F,C,B+,C,B,B+,O,A+,A
"",,SE,CD,ES,PP,AI,ERP,CD LAB,PP LAB,TW,
"",,"SoftwareEngineering",Compiler Design,"EmbeddedSystems","PythonProgramming","ArtificialIntelligence","EnterpriseResourcePlanning","Compiler DesignLab","PythonProgrammingLab","TechnicalWriting",
"",,Grade,Grade,Grade,Grade,Grade,Grade,Grade,Grade,Grade,
19N31A0523,7.86,8.61,B+,B+,A,B+,B+,A+,O,O,A
19N31A0524,7.79,8.52,B+,B+,A+,B+,B,A+,O,A+,A
19N31A0525,,,F,B,A,B+,B,B,A+,A+,A
19N31A0526,7.43,,B+,B,A+,B,B+,A,A+,A+,A
19N31A0527,8.86,9.15,A+,A,A+,A,A+,A+,O,O,A+
19N31A0528,7.79,8.18,B+,B+,A+,B,B+,A+,O,A+,A+
19N31A0529,7.00,7.77,A,B,B+,B,B+,B,A+,A+,A+
19N31A0530,7.43,8.20,B,B+,A+,B,B+,B+,O,O,A
19N31A0531,7.64,7.84,A,B+,A,B,B+,A,A+,O,A
19N31A0532,8.29,8.79,B+,A,O,A,A,A,A+,A+,A+
19N31A0533,7.64,8.27,B,B+,A+,B+,B+,A,A+,O,A
19N31A0534,8.00,8.52,A,B+,A+,B+,B+,A,O,O,A+
19N31A0535,8.14,8.67,B+,A,A,B+,A,A+,O,O,A+
19N31A0536,7.79,8.40,B+,C,A+,A+,B+,A,O,A+,A+
19N31A0537,7.43,8.42,B+,B+,B+,B+,B,A,O,O,O
"",,SE,CD,ES,PP,AI,ERP,CD LAB,PP LAB,TW,
"",,"SoftwareEngineering",Compiler Design,"EmbeddedSystems","PythonProgramming","ArtificialIntelligence","EnterpriseResourcePlanning","Compiler DesignLab","PythonProgrammingLab","TechnicalWriting",
"",,Grade,Grade,Grade,Grade,Grade,Grade,Grade,Grade,Grade,
19N31A0538,,,B,B,O,F,A,B,O,O,A+
19N31A0539,,,F,F,A,F,B,F,O,A+,A+
19N31A0540,8.86,8.85,A,A,O,A+,A+,A,O,O,A
19N31A0541,8.36,8.27,A,B+,A+,A,A+,A,A+,O,A
19N31A0542,8.14,8.97,A,B+,O,A,B+,B+,O,O,O
19N31A0543,7.43,8.54,B,B,A+,B+,B,A,O,O,A+
19N31A0544,7.86,8.62,B+,B,A+,A,A,B+,O,O,A+
19N31A0545,8.29,8.61,B+,B+,O,B+,A,A+,O,O,O
19N31A0546,8.57,8.78,A,B+,O,A,A,A+,O,O,O
19N31A0547,8.43,8.80,A,B+,O,B+,A+,A,O,O,O
19N31A0548,,,B,B,A,B+,Ab,A,A+,A+,A+
19N31A0549,8.00,8.77,B+,B+,A+,A,B+,A,O,O,A
19N31A0550,8.14,8.60,A,B,A+,A,A,A,O,O,A+
19N31A0551,6.57,8.34,C,C,B,B+,B,B+,O,O,A+
19N31A0553,7.79,7.99,A,B,A+,A,B+,B+,O,A+,A
"",,SE,CD,ES,PP,AI,ERP,CD LAB,PP LAB,TW,
"",,"SoftwareEngineering",Compiler Design,"EmbeddedSystems","PythonProgramming","ArtificialIntelligence","EnterpriseResourcePlanning","Compiler DesignLab","PythonProgrammingLab","TechnicalWriting",
"",,Grade,Grade,Grade,Grade,Grade,Grade,Grade,Grade,Grade,
19N31A0554,7.86,8.20,B+,B,A,A,A,A,O,O,A
19N31A0555,6.93,7.55,C,B,A,B,B+,B+,O,A+,A
19N31A0556,7.57,8.04,B+,B,A,A,B+,B+,O,O,A+
19N31A0557,8.57,9.08,A,A,A+,B+,A+,A+,O,O,A
19N31A0558,7.71,8.00,B+,B,A+,B+,A,A,A+,A+,A
19N31A0559,7.29,7.69,B,B+,A,B,B+,B+,O,O,A
19N31A0560,8.29,8.73,A,B+,A+,A,A,A,O,O,A
19N31A0561,7.43,7.84,B,B,B+,B+,A,A,O,O,A+
19N31A0562,7.57,8.50,B,B,A,A,B+,A,O,O,A+
19N31A0563,7.29,8.35,B,C,A,A,B+,B+,O,O,A+
19N31A0564,7.00,7.16,A,C,B+,B,B,A,A+,A+,A+
19N31A0565,,,F,C,A,A,B,B+,O,O,A+
19N31A0566,,,C,C,A,B+,F,B,A+,A,A+
19N31A0567,7.00,7.54,B,B,B+,B+,B,A,A+,A+,A+
19N31A0568,7.43,7.90,B,B,B+,A,B+,A,O,O,A+
"",,SE,CD,ES,PP,AI,ERP,CD LAB,PP LAB,TW,
"",,"SoftwareEngineering",Compiler Design,"EmbeddedSystems","PythonProgramming","ArtificialIntelligence","EnterpriseResourcePlanning","Compiler DesignLab","PythonProgrammingLab","TechnicalWriting",
"",,Grade,Grade,Grade,Grade,Grade,Grade,Grade,Grade,Grade,
19N31A0569,7.71,8.67,B,B,A+,A,B+,A,O,O,A+
19N31A0570,7.71,8.15,B,B,A+,A,B+,A,O,O,A+
19N31A0571,7.86,8.88,B+,B+,A,A,A,B+,O,O,O
19N31A0572,8.29,8.57,A,B+,A+,A+,A,B+,O,O,A+
19N31A0573,7.86,8.68,B+,B,A+,A,B+,A,O,O,A+
19N31A0574,7.14,8.68,B,B,B+,B+,B,A,O,O,A+
19N31A0575,,,B+,B,F,A,B+,B+,A,A,A+
19N31A0576,6.93,8.05,B,C,A,B+,B,B+,A+,O,A+
19N31A0577,7.14,7.96,B,B,A,B,B+,B+,O,O,A+
19N31A0578,,,B,C,B,A+,F,A,O,O,A+
19N31A0579,7.00,7.84,B,C,B+,A,B,B+,O,O,A+
19N31A0580,8.14,8.14,A,B,A+,A,A,A,O,O,A+
19N31A0581,8.43,9.08,A,A,A+,A,A,A,O,O,O
19N31A0582,,,F,B,B+,F,F,B+,A+,A+,A+
19N31A0583,8.57,9.11,A,A,O,A,A,A,O,O,O
"",,SE,CD,ES,PP,AI,ERP,CD LAB,PP LAB,TW,
"",,"SoftwareEngineering",Compiler Design,"EmbeddedSystems","PythonProgramming","ArtificialIntelligence","EnterpriseResourcePlanning","Compiler DesignLab","PythonProgrammingLab","TechnicalWriting",
"",,Grade,Grade,Grade,Grade,Grade,Grade,Grade,Grade,Grade,
19N31A0584,,,F,B,A+,A,B+,B+,O,O,A+
19N31A0585,7.14,,B,B,B+,B+,A,B+,A+,A+,A+
19N31A0586,7.86,8.24,B+,B+,A+,A,B+,B+,O,O,A+
19N31A0587,,,B,B+,A,F,B+,B+,O,O,O
19N31A0588,8.29,8.72,A,B+,A+,A,A,A,O,O,O
19N31A0589,,,B+,C,F,B,F,B+,A+,B+,A+
19N31A0590,7.29,7.62,B+,B,B+,B+,B,A,O,O,A+
19N31A0591,8.57,8.73,A,B+,O,A,A,A+,O,O,A+
19N31A0592,8.29,9.00,A,A,A+,A,B+,A,O,O,O
19N31A0593,8.43,8.28,A,A,A+,A+,A,B+,O,O,A+
19N31A0594,,,C,F,F,F,F,F,A,B+,A+
19N31A0595,7.57,8.08,B+,B,A,A,B,A,O,O,A+
19N31A0596,,,F,C,F,B+,F,C,A,B+,A+
19N31A0597,7.64,7.48,B,B,A+,B+,A+,B+,A+,O,A+
19N31A0598,7.71,8.51,A,B,A,B+,A,B+,O,O,A+
"",,SE,CD,ES,PP,AI,ERP,CD LAB,PP LAB,TW,
"",,"SoftwareEngineering",Compiler Design,"EmbeddedSystems","PythonProgramming","ArtificialIntelligence","EnterpriseResourcePlanning","Compiler DesignLab","PythonProgrammingLab","TechnicalWriting",
"",,Grade,Grade,Grade,Grade,Grade,Grade,Grade,Grade,Grade,
19N31A0599,7.57,7.71,B+,B,B+,A,A,B+,O,O,A+
19N31A05A0,,,B,C,A,B+,F,A,O,O,A+
19N31A05A1,8.43,8.86,A,B+,A+,A,A,A+,O,O,O
19N31A05A2,8.57,8.27,A,B+,A+,A,A+,A+,O,O,A+
19N31A05A3,7.43,8.23,B,B,A+,B,B+,A,O,O,A+
19N31A05A4,7.43,8.35,B,B+,A,A,B,B+,O,O,A+
19N31A05A5,,,F,C,B,F,F,B,A+,A,A+
19N31A05A6,7.36,7.50,B,B,B+,A,A,B+,O,A+,A+
19N31A05A7,6.43,,B,B,C,B+,B,B,A+,A+,A
19N31A05A8,8.14,8.48,B+,B+,A+,A,A+,B+,O,O,A+
19N31A05A9,8.14,8.70,B,B+,O,A,A,A,O,O,O
19N31A05B0,7.29,7.98,B+,B,A,B+,B+,B,O,O,A+
19N31A05B1,7.64,8.31,B+,B,A,A,A,B+,A+,O,A+
19N31A05B2,7.00,8.04,B,B,A,B,B,B+,O,O,A+
19N31A05B3,8.86,9.34,A+,A,A+,A,A+,A+,O,O,A+
"",,SE,CD,ES,PP,AI,ERP,CD LAB,PP LAB,TW,
"",,"SoftwareEngineering",Compiler Design,"EmbeddedSystems","PythonProgramming","ArtificialIntelligence","EnterpriseResourcePlanning","Compiler DesignLab","PythonProgrammingLab","TechnicalWriting",
"",,Grade,Grade,Grade,Grade,Grade,Grade,Grade,Grade,Grade,
19N31A05B4,,,F,C,B,B+,C,B,A+,A+,A+
19N31A05B5,8.29,8.98,B+,B+,O,B+,A,A+,O,O,O
19N31A05B6,7.64,7.79,B+,B,A,B+,A,A,A+,O,A+
19N31A05B7,,,F,B+,O,B+,B,B,O,O,O
19N31A05B8,8.00,8.51,B+,B+,A+,A,B+,A,O,O,A+
19N31A05B9,6.93,,B,C,B+,A,B+,B+,A+,A,A+
19N31A05C0,6.71,7.12,B,C,A,B+,B,B,A+,A+,A+
19N31A05C1,6.64,7.20,B,C,B+,B+,B,B,A+,O,O
19N31A05C2,8.57,8.77,A,B+,A+,A,A+,A+,O,O,O
19N31A05C3,8.29,8.55,A,B+,A,A,A+,A,O,O,O
19N31A05C4,,,A,C,A,F,B+,A,O,O,O
19N31A05C5,6.64,7.94,C,C,B+,B,B+,B+,O,A+,A
19N31A05C6,8.93,8.83,A,A,O,A+,A+,A+,O,A+,A+
19N31A05C7,,,F,F,F,F,F,Ab,B+,F,B+
19N31A05C8,,,B+,F,B+,B+,B,A,O,O,A+
"",,SE,CD,ES,PP,AI,ERP,CD LAB,PP LAB,TW,
"",,"SoftwareEngineering",Compiler Design,"EmbeddedSystems","PythonProgramming","ArtificialIntelligence","EnterpriseResourcePlanning","Compiler DesignLab","PythonProgrammingLab","TechnicalWriting",
"",,Grade,Grade,Grade,Grade,Grade,Grade,Grade,Grade,Grade,
19N31A05C9,8.57,8.86,A,B+,A+,A,A+,A+,O,O,O
19N31A05D0,8.14,8.29,B+,B+,A+,A,A,A,O,O,O
19N31A05D1,8.43,8.31,A,A,O,A,B,A+,O,O,O
19N31A05D2,,,B,C,B+,B+,F,B+,A+,A+,A
19N31A05D3,8.86,8.85,A,A,O,A+,A,A+,O,O,A+
19N31A05D4,8.36,8.94,A,B+,A+,A+,A,A,O,A+,A
19N31A05D5,7.14,,B,C,A+,B,A,B+,A+,A+,A+
19N31A05D6,,,B,F,A,F,A,A,A+,O,A+
19N31A05D7,,,B,B,A,B+,F,B,O,O,A+
19N31A05D8,,,F,F,B,B,F,B+,A,A,A
19N31A05D9,7.36,7.32,B,B,A+,B+,B+,B+,A+,O,A+
19N31A05E0,7.29,8.16,B+,B+,B+,B,B+,B+,O,O,O
19N31A05E1,8.29,8.81,A+,B,A+,A,A,A,O,O,O
19N31A05E2,8.86,8.65,A+,A,O,A,A+,A,O,O,O
19N31A05E3,,,F,F,B+,C,F,B,B+,F,B+
"",,SE,CD,ES,PP,AI,ERP,CD LAB,PP LAB,TW,
"",,"SoftwareEngineering",Compiler Design,"EmbeddedSystems","PythonProgramming","ArtificialIntelligence","EnterpriseResourcePlanning","Compiler DesignLab","PythonProgrammingLab","TechnicalWriting",
"",,Grade,Grade,Grade,Grade,Grade,Grade,Grade,Grade,Grade,
19N31A05E4,8.86,9.31,A,A,O,A,A+,A+,O,O,O
19N31A05E5,7.71,6.89,B,B+,A+,B+,A,B+,O,O,O
19N31A05E6,,,F,C,A,B,A,B,O,A,A
19N31A05E7,8.43,8.48,B+,B+,A+,A,A+,A+,O,O,O
19N31A05E8,,,F,B,A,B+,B,B+,A+,A,A
19N31A05E9,8.21,9.02,B,B+,O,A,A,A+,O,A+,A
19N31A05F0,8.36,8.85,A,B,O,A+,A,A,O,A+,A
19N31A05F1,,,B,F,A,A,A,A,O,O,O
19N31A05F2,8.43,7.92,A,B+,A,A,A,O,O,O,O
19N31A05F3,8.71,8.90,B+,B+,O,A+,A+,A+,O,O,O
19N31A05F4,,,F,B+,O,B+,A,A+,O,O,O
19N31A05F5,8.00,8.39,B,B,O,A,A+,B+,O,O,O
19N31A05F6,,,B,C,B+,F,A,B,A+,A+,O
19N31A05F7,8.00,8.85,B,B+,A+,B+,A,A+,O,O,O
19N31A05F8,7.64,8.72,B,B,A,A,A,A,O,A+,A
"",,SE,CD,ES,PP,AI,ERP,CD LAB,PP LAB,TW,
"",,"SoftwareEngineering",Compiler Design,"EmbeddedSystems","PythonProgramming","ArtificialIntelligence","EnterpriseResourcePlanning","Compiler DesignLab","PythonProgrammingLab","TechnicalWriting",
"",,Grade,Grade,Grade,Grade,Grade,Grade,Grade,Grade,Grade,
19N31A05F9,7.57,7.99,B+,B,A+,B+,B+,B+,O,O,O
19N31A05G0,7.86,7.56,B,B,A+,A,A,A,O,O,O
19N31A05G1,8.43,8.95,A,B+,O,A,A,A,O,O,O
19N31A05G2,7.57,8.09,B,C,A+,A+,B+,B+,O,O,A+
19N31A05G3,7.43,7.11,A,C,A,A,A,B+,A+,B+,A+
19N31A05G4,9.00,9.25,A,A,O,A+,A+,A+,O,O,O
19N31A05G5,,,F,B,O,F,A,A,O,O,O
19N31A05G6,7.71,8.50,B+,B,A+,B+,A,B+,O,O,O
19N31A05G7,8.07,8.25,A,B,A+,A,A,A,O,A+,A
19N31A05G8,8.00,8.86,B,B,O,A,A,A,O,O,A+
19N31A05G9,7.86,8.67,B+,B,A+,A,B+,A,O,O,O
19N31A05H0,8.00,8.19,B,B+,A+,B+,A+,A,O,O,O
19N31A05H1,8.14,7.85,A,B,A+,A,A,A,O,O,O
19N31A05H2,8.14,8.36,B+,B+,A+,B+,A+,A,O,O,O
19N31A05H3,8.57,8.79,A,A,A+,A,A,A+,O,O,A+
"",,SE,CD,ES,PP,AI,ERP,CD LAB,PP LAB,TW,
"",,"SoftwareEngineering",Compiler Design,"EmbeddedSystems","PythonProgramming","ArtificialIntelligence","EnterpriseResourcePlanning","Compiler DesignLab","PythonProgrammingLab","TechnicalWriting",
"",,Grade,Grade,Grade,Grade,Grade,Grade,Grade,Grade,Grade,
19N31A05H4,8.14,8.31,A,B,A+,A,A,A,O,O,A+
19N31A05H5,8.43,8.83,A,B+,A+,A,A,A+,O,O,O
19N31A05H6,8.71,8.43,A,A,O,A,A,A+,O,O,O
19N31A05H7,6.86,7.48,B,B,A,B+,B,B,O,A,A
19N31A05H8,8.29,8.29,A,B,A+,A,A+,A,O,O,A+
19N31A05H9,7.86,8.19,B,B+,A,A,A,A,O,O,O
19N31A05J0,,,B,F,F,A,A,F,A,O,A+
19N31A05J1,8.86,8.73,A,B+,O,A+,A+,A+,O,O,O
19N31A05J2,8.21,8.61,A,B,A+,A,A+,A,A+,O,A+
19N31A05J3,,,F,F,A,B,A+,B,A+,A+,A+
19N31A05J4,7.79,8.61,B,B,A+,A,A,A,A+,O,O
19N31A05J5,6.71,7.50,B,B,A,C,B+,B,A+,A+,A+
19N31A05J6,8.43,8.68,B+,B+,O,A,A+,A,O,O,O
19N31A05J7,8.14,8.07,B+,B,A+,A,A+,A,O,O,O
19N31A05J8,6.86,7.11,B,B,B+,B+,B,B,O,O,A+
"",,SE,CD,ES,PP,AI,ERP,CD LAB,PP LAB,TW,
"",,"SoftwareEngineering",Compiler Design,"EmbeddedSystems","PythonProgramming","ArtificialIntelligence","EnterpriseResourcePlanning","Compiler DesignLab","PythonProgrammingLab","TechnicalWriting",
"",,Grade,Grade,Grade,Grade,Grade,Grade,Grade,Grade,Grade,
19N31A05J9,6.57,,B,C,B+,B+,B,B,A+,A+,A
19N31A05K0,7.43,8.19,B,B,A+,A,B,B+,O,O,O
19N31A05K1,,,C,F,C,F,A,F,A+,A+,A
19N31A05K2,7.21,,B,C,A,B+,A,B+,A+,O,A
19N31A05K3,8.14,7.91,B+,B+,O,B+,A+,B+,O,O,O
19N31A05K4,8.14,8.70,A,B,A,A,A+,A,O,O,A+
19N31A05K5,8.86,8.88,A+,B+,O,A,A+,A+,O,O,O
19N31A05K6,8.14,8.40,A,B,A,A,A+,A,O,O,A+
19N31A05K7,8.29,8.46,B+,B,O,A,A+,A,O,O,O
19N31A05K8,8.07,8.32,A,B,O,B+,A+,B+,A+,O,O
19N31A05K9,8.00,8.20,B+,B,A+,B+,A+,A,O,O,A+
19N31A05L0,7.86,,B,B+,A+,B+,A+,B+,O,O,O
19N31A05L1,,,F,F,C,B,F,F,A+,A+,A
19N31A05L2,8.43,8.43,B+,B+,O,A+,A+,B+,O,O,O
19N31A05L3,7.79,7.38,B+,C,A,A,A+,A,A+,O,B+
"",,SE,CD,ES,PP,AI,ERP,CD LAB,PP LAB,TW,
"",,"SoftwareEngineering",Compiler Design,"EmbeddedSystems","PythonProgramming","ArtificialIntelligence","EnterpriseResourcePlanning","Compiler DesignLab","PythonProgrammingLab","TechnicalWriting",
"",,Grade,Grade,Grade,Grade,Grade,Grade,Grade,Grade,Grade,
19N31A05L4,7.14,,B+,B,B+,B+,B+,B,O,O,B+
19N31A05L5,8.43,8.64,B+,B+,A+,A+,A+,A,O,O,O
19N31A05L6,,,F,C,A+,F,A,B,A+,A+,O
19N31A05L7,,,B+,B+,B,B+,A+,B,O,O,F
19N31A05L8,6.86,,C,B,B+,B+,B,B+,O,O,B
19N31A05L9,8.43,8.95,A,A,A+,A,A+,B+,O,O,O
19N31A05M0,8.71,9.17,A,A,O,A,A+,A,O,O,O
19N31A05M1,,,F,B,B+,A,A,B,O,O,O
19N31A05M2,7.86,8.81,B+,B+,A+,A,B,A,O,O,O
19N31A05M3,8.14,8.23,B+,A,A,A,A,A,O,O,O
19N31A05M4,8.29,8.71,A,A,A,A,A,A,O,O,O
19N31A05M5,8.43,8.38,B+,A,A+,A,A+,A,O,O,A+
19N31A05M6,,,B+,C,F,B+,B+,B+,A+,O,A
19N31A05M7,6.43,,B,C,B+,B+,B,C,A+,A+,B
19N31A05M8,8.29,8.44,B+,A,A+,A,A,A,O,O,O
"",,SE,CD,ES,PP,AI,ERP,CD LAB,PP LAB,TW,
"",,"SoftwareEngineering",Compiler Design,"EmbeddedSystems","PythonProgramming","ArtificialIntelligence","EnterpriseResourcePlanning","Compiler DesignLab","PythonProgrammingLab","TechnicalWriting",
"",,Grade,Grade,Grade,Grade,Grade,Grade,Grade,Grade,Grade,
19N31A05M9,7.36,8.04,B,B+,A,B+,A,B,A+,O,A+
19N31A05N0,7.71,8.67,B+,B,A,A,A,B+,O,O,O
19N31A05N1,,,B,F,A,A,F,B+,A+,O,O
19N31A05N2,8.29,8.74,A,B+,O,B+,A,A,O,O,A+
19N31A05N3,,,F,F,F,F,F,B,A,O,F
19N31A05N4,6.50,,B,B,B,B,B+,B,A,A+,A
19N31A05N5,7.43,8.20,B,B,A,B+,B+,A,O,O,O
19N31A05N6,8.43,8.85,B+,B+,O,A,A,A+,O,O,O
19N31A05N7,7.71,8.49,B+,B,A+,B+,B+,A,O,O,O
19N31A05N8,,,F,C,F,F,F,F,A,A+,A+
19N31A05N9,8.14,8.52,B,B+,O,A,A,A,O,O,O
19N31A05P0,7.86,8.41,B,B+,A+,B+,A,A,O,O,A+
19N31A05P1,7.71,8.14,B,B,A+,B+,A,A,O,O,O
19N31A05P2,6.93,7.24,B,B,B+,B+,B+,B,A+,O,B+
19N31A05P3,,,C,C,B+,F,B+,F,A+,A+,B+
"",,SE,CD,ES,PP,AI,ERP,CD LAB,PP LAB,TW,
"",,"SoftwareEngineering",Compiler Design,"EmbeddedSystems","PythonProgramming","ArtificialIntelligence","EnterpriseResourcePlanning","Compiler DesignLab","PythonProgrammingLab","TechnicalWriting",
"",,Grade,Grade,Grade,Grade,Grade,Grade,Grade,Grade,Grade,
19N31A05P4,7.57,8.26,B,B,A+,B+,A,A,A+,A+,O
19N31A05P5,,,B,B,O,B+,Ab,Ab,O,O,O
19N31A05P6,7.86,8.62,B,B,O,A,B+,A,O,O,O
19N31A05P7,7.07,,B+,C,B+,B,B+,A,A+,O,B+
19N31A05P8,8.29,8.69,B,B+,O,A,A,A+,O,O,A+
19N31A05P9,,,F,B+,A,A,A,A,O,O,O
19N31A05Q0,,,C,F,B,F,B,B,A,O,B+
19N31A05Q1,,,F,B,A,B,B+,B,A+,O,A+
19N31A05Q2,,,F,F,F,B+,C,B+,A+,O,B
20N35A0501,6.93,,B,B,A,C,B+,B+,O,A+,A
20N35A0502,7.07,,B,B,A,B,B,A,O,A+,A
20N35A0503,7.36,7.29,B,B+,A,B+,B,A,A+,O,A
20N35A0504,,,A,B,A+,F,B+,A,O,O,A
20N35A0505,,,B+,F,A+,C,C,A,A+,A+,A+
20N35A0506,,,F,B,A,B,B+,A,O,A+,A+
"",,SE,CD,ES,PP,AI,ERP,CD LAB,PP LAB,TW,
"",,"SoftwareEngineering",Compiler Design,"EmbeddedSystems","PythonProgramming","ArtificialIntelligence","EnterpriseResourcePlanning","Compiler DesignLab","PythonProgrammingLab","TechnicalWriting",
"",,Grade,Grade,Grade,Grade,Grade,Grade,Grade,Grade,Grade,
20N35A0507,7.29,7.76,B,B,A+,B,B+,B+,O,O,O
20N35A0508,,,B,F,B+,A+,F,B+,O,O,A
20N35A0509,,,F,C,B+,B+,B,B+,O,O,A+
20N35A0510,7.86,8.10,B,B+,A+,A,A,B+,O,O,A+
20N35A0511,7.71,7.83,B,B+,A,A,A,B+,O,O,A+
20N35A0512,7.21,7.45,C,B,A,A,B+,B+,O,A+,A+
20N35A0513,7.43,7.36,B,B,A,A,B,A,O,O,A+
20N35A0514,8.29,8.24,A,B+,A+,A,A,A,O,O,A+
20N35A0515,8.00,8.19,A,B,A,A,A,A,O,O,A+
20N35A0516,,,F,F,F,F,B+,C,A,B+,A+
20N35A0517,,,B,F,B+,F,B+,B,O,O,O
20N35A0518,8.00,7.67,A,B,A+,B+,A+,B+,O,O,O
20N35A0519,8.00,7.95,B,B+,A+,A,A,A,O,O,O
20N35A0520,,,F,B,B,B,A+,F,A,O,A+
20N35A0521,7.14,,B,B,B+,B+,B+,B+,O,O,O
"",,,SE,CD,ES,PP,AI,ERP,CD LAB,PP LAB,TW
"",,,"SoftwareEngineering",Compiler Design,"EmbeddedSystems","PythonProgramming","ArtificialIntelligence","EnterpriseResourcePlanning","Compiler DesignLab","PythonProgrammingLab","TechnicalWriting"
"",,,Grade,Grade,Grade,Grade,Grade,Grade,Grade,Grade,Grade
20N35A0522,,,F,B,A+,B+,B+,A,O,O,O
20N35A0523,8.29,8.14,A,B+,A+,A,A,A,O,O,O
20N35A0524,8.14,7.90,A,B+,A+,B+,A,A,O,O,O
