"",,OOAD,ES,WT,STM,DS,PP,WT LAB,CT&STM,,
"",,"Object OrientedAnalysis andDesign","EmbeddedSystems","WebTechnologies","Software TestingMethodologies","DistributedSystems","PythonProgramming","WebTechnologiesLab","Case Tools &Software TestingMethodologiesLab",,
"",,Grade,Grade,Grade,Grade,Grade,Grade,Grade,Grade,,
16N31A0568,6.88,,C,A,B,A,B+,B+,B+,B+,
16N31A05B3,,,B+,B+,F,B,B+,A+,A+,A+,
16N31A05E9,6.83,,C,A,B,A,B,B+,B+,A,
16N31A05L7,,,F,B+,F,C,B+,B+,B+,A,
16N31A05P6,,,F,F,F,F,F,F,A,F,
17N31A0501,8.88,8.71,B+,O,A,A+,A+,A+,O,O,
17N31A0502,7.29,7.10,B,A,B,B+,B+,A,A+,A+,
17N31A0503,8.50,8.32,B+,A,B+,O,A,A+,O,O,
17N31A0504,8.21,7.99,B+,A,B+,A+,B+,A+,O,O,
17N31A0505,8.33,8.72,B+,B+,B+,A+,A+,A+,O,O,
17N31A0506,,,C,F,F,A,F,C,Ab,Ab,
17N31A0507,8.50,8.77,B+,B+,B+,O,A+,A+,O,O,
17N31A0508,8.04,8.29,B+,A,B+,A+,B+,A+,A+,A+,
17N31A0509,8.71,8.18,A,A+,A,A+,A+,A+,A+,A+,
17N31A0510,8.63,7.59,B+,A,B+,O,A+,A+,O,O,
"",,OOAD,ES,WT,STM,DS,PP,WT LAB,CT&STM,,
"",,"Object OrientedAnalysis andDesign","EmbeddedSystems","WebTechnologies","Software TestingMethodologies","DistributedSystems","PythonProgramming","WebTechnologiesLab","Case Tools &Software TestingMethodologiesLab",,
"",,Grade,Grade,Grade,Grade,Grade,Grade,Grade,Grade,,
17N31A0511,8.33,8.06,A,A+,B+,A+,B,A+,O,O,
17N31A0512,8.21,8.46,B,A,B+,A+,A,A+,O,O,
17N31A0513,8.63,9.06,B+,A+,A,A+,A,A+,O,O,
17N31A0514,8.00,,B+,A,B,A+,A,A+,A+,A+,
17N31A0515,8.46,8.40,A,A+,B+,A+,B+,A+,O,O,
17N31A0516,,,B+,F,A,A+,A+,A+,O,O,
17N31A0517,8.38,8.47,B+,B+,A,A+,A,A+,O,O,
17N31A0519,,,C,F,F,B+,B,B,A,A,
17N31A0520,8.08,7.59,B+,B,B+,A+,A,A+,O,O,
17N31A0521,8.38,7.85,B+,A,A,A+,B+,A+,O,O,
17N31A0522,7.92,7.73,B+,A,B+,A+,B+,A,A+,A+,
17N31A0523,,,B,B+,F,B+,B+,A,A+,A+,
17N31A0524,,,A,F,A,A+,A+,A+,O,O,
17N31A0526,8.46,8.65,B+,A+,B+,A+,A+,A,O,O,
17N31A0527,8.33,6.89,B,A+,A,A+,A,A+,A+,A+,
"",,OOAD,ES,WT,STM,DS,PP,WT LAB,CT&STM,,
"",,"Object OrientedAnalysis andDesign","EmbeddedSystems","WebTechnologies","Software TestingMethodologies","DistributedSystems","PythonProgramming","WebTechnologiesLab","Case Tools &Software TestingMethodologiesLab",,
"",,Grade,Grade,Grade,Grade,Grade,Grade,Grade,Grade,,
17N31A0528,8.92,9.05,B+,A+,A,O,A+,A+,O,O,
17N31A0529,,,B+,F,B+,A+,B+,A+,O,O,
17N31A0530,8.08,8.74,B+,B+,B+,A+,A,A,O,O,
17N31A0531,7.96,6.89,B+,A,B,A+,A,A,O,A+,
17N31A0532,8.33,8.26,B,A+,A,A+,A,A+,A+,A+,
17N31A0533,,,F,B,B+,A+,A,A+,A+,O,
17N31A0534,8.71,9.12,A,A+,B+,A+,A+,A+,O,O,
17N31A0535,9.00,9.26,A,O,A,A+,A+,A+,O,O,
17N31A0536,8.75,9.06,A,A+,A,A+,A,A+,O,O,
17N31A0537,,,B,B+,F,A,B+,B+,A,A+,
17N31A0538,7.38,7.38,B+,B+,B,A,B,B+,O,O,
17N31A0539,,,B+,A+,B,A+,A+,A,Ab,Ab,
17N31A0540,8.46,7.44,B+,A+,B+,A+,A,A+,O,O,
17N31A0541,8.75,9.17,B+,O,A,A+,A,A+,O,O,
17N31A0542,7.96,8.01,B+,A+,B,A+,B+,A,A+,O,
"",,OOAD,ES,WT,STM,DS,PP,WT LAB,CT&STM,,
"",,"Object OrientedAnalysis andDesign","EmbeddedSystems","WebTechnologies","Software TestingMethodologies","DistributedSystems","PythonProgramming","WebTechnologiesLab","Case Tools &Software TestingMethodologiesLab",,
"",,Grade,Grade,Grade,Grade,Grade,Grade,Grade,Grade,,
17N31A0543,8.42,7.90,B+,A+,B+,A+,A+,A+,A+,A+,
17N31A0544,8.08,8.01,B,O,B+,A,B+,A+,A+,O,
17N31A0546,9.33,8.88,B+,O,A+,O,A+,O,O,O,
17N31A0547,7.88,7.44,B,O,B+,A,B+,A,A+,A+,
17N31A0548,8.83,9.12,A,O,B+,A+,A+,A+,O,O,
17N31A0549,8.63,8.89,B+,A+,A,A+,A,A+,O,O,
17N31A0550,,,C,B,F,B+,B+,F,Ab,Ab,
17N31A0551,,,B,B+,F,A+,B+,B+,A+,A+,
17N31A0552,9.08,9.44,A,A,A+,O,A+,A+,O,O,
17N31A0553,8.38,8.40,B+,A+,B+,A+,A,A+,A+,O,
17N31A0554,,,B+,A,F,A+,A+,A,A+,A+,
17N31A0555,,,B,B,F,Ab,B+,A,A,A+,
17N31A0556,8.33,8.53,B,A+,B,O,A,A+,O,O,
17N31A0557,8.08,8.60,B+,A+,B+,A+,B,A,O,O,
17N31A0558,,,C,B,F,B,B,B+,A,A+,
"",,OOAD,ES,WT,STM,DS,PP,WT LAB,CT&STM,,
"",,"Object OrientedAnalysis andDesign","EmbeddedSystems","WebTechnologies","Software TestingMethodologies","DistributedSystems","PythonProgramming","WebTechnologiesLab","Case Tools &Software TestingMethodologiesLab",,
"",,Grade,Grade,Grade,Grade,Grade,Grade,Grade,Grade,,
17N31A0559,8.17,7.53,B,A+,B,A+,A,A+,O,O,
17N31A0560,7.50,,B,A,B+,B+,A,A,A,A+,
17N31A0561,8.21,8.35,B+,B+,B+,A+,A,A+,O,O,
17N31A0563,8.42,7.68,B+,A,B+,O,A,A+,A+,O,
17N31A0564,8.50,8.39,B+,A,B+,O,A,A+,O,O,
17N31A0565,8.33,,B+,A+,B,O,A+,A+,A,A+,
17N31A0566,7.79,6.67,B+,A,B+,A,B,O,A,A+,
17N31A0567,7.63,7.56,B+,A,B,A,B+,A+,A,A+,
17N31A0568,7.79,,B+,A,C,O,B+,A+,A,A+,
17N31A0569,9.04,9.17,A,A+,A,O,A+,A+,O,O,
17N31A0570,8.46,8.48,B+,A+,B+,A+,A+,A,O,O,
17N31A0571,8.25,7.76,B+,B+,B+,O,B+,A+,O,O,
17N31A0572,8.71,8.69,A,A+,B+,A+,A+,A+,O,O,
17N31A0573,8.04,8.55,B+,B+,B+,A,A,A+,O,O,
17N31A0574,8.46,7.85,A,A+,B+,O,B+,A+,A+,A+,
"",,OOAD,ES,WT,STM,DS,PP,WT LAB,CT&STM,,
"",,"Object OrientedAnalysis andDesign","EmbeddedSystems","WebTechnologies","Software TestingMethodologies","DistributedSystems","PythonProgramming","WebTechnologiesLab","Case Tools &Software TestingMethodologiesLab",,
"",,Grade,Grade,Grade,Grade,Grade,Grade,Grade,Grade,,
17N31A0575,8.63,8.13,A,A+,B+,O,B+,A+,O,O,
17N31A0576,7.92,8.16,B+,A,B+,A,B,A+,O,O,
17N31A0577,8.75,8.85,A,A+,B+,O,A,A+,O,O,
17N31A0578,8.46,8.29,A,A,B+,A+,A,A+,O,O,
17N31A0579,8.75,8.35,A,A+,B+,O,A,A+,O,O,
17N31A0580,8.75,8.89,A,A,A,A+,A+,A+,O,O,
17N31A0581,9.21,9.13,B+,O,A+,O,A+,A+,O,O,
17N31A0582,8.88,8.38,A,A+,B+,O,A,O,O,O,
17N31A0583,8.21,7.85,B+,A,B+,A+,B+,A+,O,O,
17N31A0584,8.88,9.00,B+,O,A,A+,A+,A+,O,O,
17N31A0585,8.88,8.55,A,A+,A,A+,A+,A+,O,O,
17N31A0586,8.75,8.97,B+,A+,A,A+,A+,A+,O,O,
17N31A0587,7.29,,B+,A,B+,B+,C,A+,A,A,
17N31A0588,,,B,B+,B,A,A,A,Ab,Ab,
17N31A0589,8.29,7.51,B+,A+,B+,A+,A+,A,A+,A+,
"",,OOAD,ES,WT,STM,DS,PP,WT LAB,CT&STM,,
"",,"Object OrientedAnalysis andDesign","EmbeddedSystems","WebTechnologies","Software TestingMethodologies","DistributedSystems","PythonProgramming","WebTechnologiesLab","Case Tools &Software TestingMethodologiesLab",,
"",,Grade,Grade,Grade,Grade,Grade,Grade,Grade,Grade,,
17N31A0590,9.04,9.06,A,A+,A+,A+,A+,A+,O,O,
17N31A0591,,,B,A+,F,B,F,A,A,A,
17N31A0592,8.46,8.21,B+,A+,B+,A+,A,A+,O,O,
17N31A0593,8.54,8.07,B+,A+,A,A+,A,A+,A+,O,
17N31A0594,8.50,8.67,B+,A+,A,A+,A,A,O,O,
17N31A0595,8.21,7.94,A,A,B,A+,A,A+,A+,O,
17N31A0596,8.50,8.88,A,A+,A,A+,B+,A,O,O,
17N31A0597,8.58,8.64,B+,A+,B+,A+,A+,A+,O,O,
17N31A0598,8.13,8.10,B,A,B+,A+,A,A+,O,A+,
17N31A0599,8.46,8.83,B+,A,B+,A+,A+,A+,O,O,
17N31A05A0,7.29,7.05,B+,A,C,A,B,A,A+,A+,
17N31A05A1,7.33,,B+,B,B,A,B+,A,A+,A+,
17N31A05A2,7.88,7.36,B+,A,B+,A+,B,A,O,A+,
17N31A05A3,7.83,7.70,B+,B,B,A+,A,A+,A+,O,
17N31A05A4,7.88,,B,A+,B,A+,B+,A+,A+,A+,
"",,OOAD,ES,WT,STM,DS,PP,WT LAB,CT&STM,,
"",,"Object OrientedAnalysis andDesign","EmbeddedSystems","WebTechnologies","Software TestingMethodologies","DistributedSystems","PythonProgramming","WebTechnologiesLab","Case Tools &Software TestingMethodologiesLab",,
"",,Grade,Grade,Grade,Grade,Grade,Grade,Grade,Grade,,
17N31A05A5,8.38,8.38,B+,A,A,A+,B+,A+,O,O,
17N31A05A6,7.46,,B+,B,B+,B+,A,A,A+,A+,
17N31A05A7,8.21,7.15,B+,B+,A,A+,A,A+,A+,A+,
17N31A05A8,7.79,8.24,B+,B+,B,A+,B+,A,O,O,
17N31A05A9,8.79,8.67,B+,A+,A+,A+,A,A+,O,O,
17N31A05B1,8.33,7.63,A,A,B+,A+,A,A,O,O,
17N31A05B4,8.21,7.77,B,A+,B+,A+,B+,A+,O,O,
17N31A05B5,8.33,8.85,B+,A,B+,A+,A,A+,O,O,
17N31A05B6,8.42,8.84,A,A+,B,A+,A,A+,O,O,
17N31A05B9,6.92,,B,B+,C,A,B+,A,B+,A,
17N31A05C0,8.63,,B+,A+,A,O,A,A+,A+,A+,
17N31A05C1,,,A,A,A+,A+,A+,A+,Ab,Ab,
17N31A05C2,,,B,B+,F,B,F,B,A+,A+,
17N31A05C3,,,A,A,A,A+,B+,A+,Ab,Ab,
17N31A05C4,,,B,F,F,A,B,B+,Ab,Ab,
"",,OOAD,ES,WT,STM,DS,PP,WT LAB,CT&STM,,
"",,"Object OrientedAnalysis andDesign","EmbeddedSystems","WebTechnologies","Software TestingMethodologies","DistributedSystems","PythonProgramming","WebTechnologiesLab","Case Tools &Software TestingMethodologiesLab",,
"",,Grade,Grade,Grade,Grade,Grade,Grade,Grade,Grade,,
17N31A05C6,8.13,7.13,A,B+,B+,B+,A,O,O,O,
17N31A05C7,8.33,8.31,B+,A,B+,A+,A,A+,O,O,
17N31A05C8,6.92,6.17,B,C,C,A,B+,A,A+,A+,
17N31A05C9,,,F,F,F,A,B,A,A,A,
17N31A05D0,,,B+,F,F,B+,B+,A,A+,O,
17N31A05D1,8.08,7.89,B+,B+,B+,A+,B,O,O,O,
17N31A05D3,8.71,7.83,B+,O,A,A,A+,A+,O,O,
17N31A05D4,6.92,,C,B,B+,B+,B,A+,A,A,
17N31A05D5,,,B,B+,F,A+,A,A+,A+,A+,
17N31A05D6,7.33,,B,B+,B+,B+,A+,B,A+,A+,
17N31A05D7,,,B,F,B,A,B+,B+,A+,A+,
17N31A05D8,,,B+,F,F,A,B+,B+,O,O,
17N31A05D9,8.58,8.59,B+,A+,B+,A+,A,O,O,O,
17N31A05E0,8.00,8.75,A,A,B,A,A,A,O,O,
17N31A05E1,,,B+,F,B+,B+,A+,B,A,A+,
"",,OOAD,ES,WT,STM,DS,PP,WT LAB,CT&STM,,
"",,"Object OrientedAnalysis andDesign","EmbeddedSystems","WebTechnologies","Software TestingMethodologies","DistributedSystems","PythonProgramming","WebTechnologiesLab","Case Tools &Software TestingMethodologiesLab",,
"",,Grade,Grade,Grade,Grade,Grade,Grade,Grade,Grade,,
17N31A05E2,8.42,9.20,B,B,A+,A+,A+,A+,O,O,
17N31A05E3,8.21,7.88,B+,B+,B+,A+,A,A+,O,O,
17N31A05E4,8.21,8.38,B+,B+,A,A,A,A+,O,O,
17N31A05E5,8.33,7.99,B+,B+,B+,A+,A+,A+,O,O,
17N31A05E6,7.79,7.16,B,B+,B+,A+,A,A,A+,A+,
17N31A05E7,,,B+,F,F,B,Ab,A+,A+,A+,
17N31A05E8,8.50,9.03,B+,A,A,A+,A,A+,O,O,
17N31A05E9,6.96,8.45,B,A,C,B,B+,A,A+,A+,
17N31A05F0,8.17,8.26,B+,A,B+,A+,A,A+,A+,A+,
17N31A05F1,8.63,8.76,B,A+,A,A+,A+,A+,O,O,
17N31A05F4,,,B,B,F,A,B,F,A+,A+,
17N31A05F5,7.25,6.25,B,A,C,A,A,A,A,A,
17N31A05F6,8.33,7.56,A,A+,B,A+,A,A+,A+,O,
17N31A05F7,7.67,7.44,B,A,B,A+,B+,B+,O,O,
17N31A05F8,7.29,,B,B+,B,A,A,A,A,A,
"",,OOAD,ES,WT,STM,DS,PP,WT LAB,CT&STM,,
"",,"Object OrientedAnalysis andDesign","EmbeddedSystems","WebTechnologies","Software TestingMethodologies","DistributedSystems","PythonProgramming","WebTechnologiesLab","Case Tools &Software TestingMethodologiesLab",,
"",,Grade,Grade,Grade,Grade,Grade,Grade,Grade,Grade,,
17N31A05G0,7.50,8.44,B+,B+,B,A,B+,B+,O,O,
17N31A05G1,8.46,8.16,B+,A+,B+,A+,A,A+,O,O,
17N31A05G2,8.79,9.22,B+,A+,A,O,A,A+,O,O,
17N31A05G3,,,B+,F,B,A,A,B+,O,O,
17N31A05G4,,,B+,B+,F,B,C,A,A+,A,
17N31A05G5,8.04,8.26,B+,A,B+,A,A,A,O,O,
17N31A05G6,,,B,F,B,A,B+,F,A,B+,
17N31A05G7,,,B,F,B,B+,B+,B+,A,A,
17N31A05G8,7.92,7.72,B+,B+,B+,A+,A,A,A+,A+,
17N31A05G9,7.71,7.83,B+,A,B,A,A,A,A+,A+,
17N31A05H0,9.17,9.29,A,O,A,O,A+,A+,O,O,
17N31A05H1,7.79,7.40,B,A,B,A+,B+,A,O,O,
17N31A05H2,8.04,7.68,B,A+,B+,A,A,A,O,O,
17N31A05H4,8.21,7.97,B+,A,A,A,A,A,O,O,
17N31A05H5,,,B+,F,B+,A,A,A+,O,O,
"",,OOAD,ES,WT,STM,DS,PP,WT LAB,CT&STM,,
"",,"Object OrientedAnalysis andDesign","EmbeddedSystems","WebTechnologies","Software TestingMethodologies","DistributedSystems","PythonProgramming","WebTechnologiesLab","Case Tools &Software TestingMethodologiesLab",,
"",,Grade,Grade,Grade,Grade,Grade,Grade,Grade,Grade,,
17N31A05H6,9.17,9.32,A,O,A,O,A+,A+,O,O,
17N31A05H7,,,B,A,B,B+,F,A+,O,O,
17N31A05H8,,,B,F,F,A,B,A,A,A,
17N31A05H9,7.67,7.90,B,B+,B+,A,B+,A,O,O,
17N31A05J0,8.29,8.65,B+,A+,B+,A,A,A+,O,O,
17N31A05J1,8.88,8.51,A,O,A,A+,A+,A,O,O,
17N31A05J2,8.21,7.51,B+,A,A,A,A,A,O,O,
17N31A05J3,7.38,,B,A+,B,A,B+,B+,A,A+,
17N31A05J4,,,A,A,B+,A+,Ab,F,A+,A+,
17N31A05J5,9.17,9.00,A,A+,A+,A+,A+,O,O,O,
17N31A05J6,8.63,8.40,A+,B+,A,A+,A,A+,O,O,
17N31A05J8,7.75,,B+,A+,C,O,A,A,B+,A,
17N31A05J9,7.42,,C,A+,B,A,A,A,A,A,
17N31A05K0,8.33,8.55,A,A,B+,A+,B+,A+,O,O,
17N31A05K1,8.46,7.91,A,A+,B+,A+,A,A,O,O,
"",,OOAD,ES,WT,STM,DS,PP,WT LAB,CT&STM,,
"",,"Object OrientedAnalysis andDesign","EmbeddedSystems","WebTechnologies","Software TestingMethodologies","DistributedSystems","PythonProgramming","WebTechnologiesLab","Case Tools &Software TestingMethodologiesLab",,
"",,Grade,Grade,Grade,Grade,Grade,Grade,Grade,Grade,,
17N31A05K2,7.92,,A,A,B+,A+,B,A,A+,A+,
17N31A05K3,6.96,,B,B,B,B+,B,A+,A,A+,
17N31A05K4,7.58,7.23,B+,A,B+,B+,A,B+,A+,A+,
17N31A05K5,8.58,8.16,B+,A+,A,A,A+,A+,O,O,
17N31A05K6,8.79,8.60,B+,A,A+,A+,A+,A+,O,O,
17N31A05K8,7.50,,B+,A+,C,A,A,A,A,A,
17N31A05L0,8.29,8.02,B+,A,B+,A,A+,A+,O,O,
17N31A05L1,8.88,8.79,A,O,A+,A,A,A+,O,O,
17N31A05L2,8.08,7.83,A,A+,B,A,A,A+,A+,A+,
17N31A05L3,8.33,,B+,A,A+,A,A,A+,A+,A+,
17N31A05L5,,,F,B,B,B+,B+,B+,A+,A+,
17N31A05L6,7.96,6.50,B+,A+,B+,A,A,A+,A,A,
17N31A05L7,,,A,F,B+,B+,A,A+,A+,O,
17N31A05L8,,,B,F,B+,A,A,A+,A+,A+,
17N31A05L9,9.04,8.92,A,A+,A+,A+,A+,A+,O,O,
"",,OOAD,ES,WT,STM,DS,PP,WT LAB,CT&STM,,
"",,"Object OrientedAnalysis andDesign","EmbeddedSystems","WebTechnologies","Software TestingMethodologies","DistributedSystems","PythonProgramming","WebTechnologiesLab","Case Tools &Software TestingMethodologiesLab",,
"",,Grade,Grade,Grade,Grade,Grade,Grade,Grade,Grade,,
17N31A05M0,,,F,A,B+,A,A,A,A+,A+,
17N31A05M2,7.46,,B,A,B,A,B+,A,A+,A+,
17N31A05M3,,,B,A+,F,A,B,A+,O,O,
17N31A05M4,9.04,9.24,A,A+,A+,A+,A+,A+,O,O,
17N31A05M5,8.04,,B,A,A,A,A,A+,A+,A+,
17N31A05M6,8.88,9.28,A,A+,A,A+,A+,A+,O,O,
17N31A05M7,8.46,7.93,B+,A+,A,A,A,A+,O,O,
17N31A05M8,7.71,6.85,B+,A,B,A,B+,A+,A+,A+,
17N31A05M9,8.33,7.34,A,A,B+,A,A+,A+,A+,O,
17N31A05N0,7.75,8.19,B,B+,B+,B+,A,A+,O,O,
17N31A05N1,7.63,,B+,A+,B,A,B+,A,A,A+,
17N31A05N2,8.13,7.73,A,A+,B+,A,A,A,A+,A+,
17N31A05N3,8.58,8.29,A,A,A,A,A+,A+,O,O,
17N31A05N4,9.00,8.76,A,O,A,A+,A,O,O,O,
17N31A05N5,7.96,,B,O,C,A+,A,A+,A+,A+,
"",,OOAD,ES,WT,STM,DS,PP,WT LAB,CT&STM,,
"",,"Object OrientedAnalysis andDesign","EmbeddedSystems","WebTechnologies","Software TestingMethodologies","DistributedSystems","PythonProgramming","WebTechnologiesLab","Case Tools &Software TestingMethodologiesLab",,
"",,Grade,Grade,Grade,Grade,Grade,Grade,Grade,Grade,,
17N31A05N6,8.63,8.24,B+,A+,A,O,A,A+,A+,A+,
17N31A05N8,8.42,8.90,B+,A+,B+,A,A+,A+,O,O,
17N31A05N9,8.50,8.63,B+,A+,B+,O,A,A,O,O,
17N31A05P0,8.58,8.51,B+,A+,B+,A+,A+,A+,O,O,
17N31A05P1,,,Ab,Ab,Ab,Ab,Ab,Ab,Ab,Ab,
17N31A05P2,8.63,8.74,B+,A+,A,A+,A+,A,O,O,
17N31A05P3,7.83,6.70,B+,A+,B+,B+,A,A,A+,A+,
17N31A05P6,8.79,8.10,A,A,A,O,A,A+,O,O,
17N31A05P8,7.83,,A,A+,B,A,B+,A,A+,A+,
17N31A05P9,7.83,,A,A,B+,A,A,A,A,A,
17N31A05Q2,8.92,8.57,B+,A+,A,O,A+,A+,O,O,
18N35A0501,7.21,6.75,B+,B,B,B+,B+,B+,O,O,
18N35A0502,7.25,,B,A,B,A,B,A,A,A+,
18N35A0503,7.58,,B,A,B,A,A,A,A+,A+,
18N35A0504,,,B,B,F,A,A,A,A+,A+,
"",,,OOAD,ES,WT,STM,DS,PP,WT LAB,CT&STM
"",,,"Object OrientedAnalysis andDesign","EmbeddedSystems","WebTechnologies","Software TestingMethodologies","DistributedSystems","PythonProgramming","WebTechnologiesLab","Case Tools &Software TestingMethodologiesLab"
"",,,Grade,Grade,Grade,Grade,Grade,Grade,Grade,Grade
18N35A0505,7.58,,B,A+,B,A,B+,A,A+,A+
18N35A0507,,,B,B,B+,A,B+,A,Ab,Ab
18N35A0508,7.79,7.33,B,B,B,A+,A,A+,O,O
18N35A0509,,,B,F,C,A,B+,A,A+,A+
18N35A0510,7.88,7.02,B,A,B,A,A,A+,O,O
18N35A0511,,,F,F,F,B,F,F,A+,A+
18N35A0513,7.71,,B,B+,C,A+,A+,A+,A+,A+
